giphy_id,qwen8b_dominant,moss_dominant,sentiment,arousal,max_score
mi6DsSSNKDbUY,fear,fear,-0.2969,0.7644,1.0
qjSxTWJxqH4YDuIrOs,anger,anger,-0.4239,0.7763,1.0
c16VH0CFMh7gOqqXOM,anger,anger,-0.4866,0.7853,1.0
10JhviFuU2gWD6,anger,anger,-0.483,0.7235,1.0
MEd8jfvzKX3oY,happy,happy,0.0814,0.6877,0.9997
KzGCAlMiK6hQQ,anger,anger,-0.3217,0.6943,1.0
tXLpxypfSXvUc,fear,fear,-0.2298,0.6652,1.0
mb410b43HO7aU,fear,fear,-0.3624,0.7883,1.0
iZGpuaRKdEZoI,happy,happy,0.1132,0.6138,0.9999
3oKIPjzfv0sI2p7fDW,anger,anger,-0.4949,0.7973,1.0
mz7iww9tCUnJJeZvGN,anger,anger,-0.4506,0.763,1.0
dr6toZX3D1O8,anger,anger,-0.4802,0.787,1.0
LoCDk7fecj2dwCtSB3,anger,anger,-0.2824,0.6431,1.0
oe33xf3B50fsc,fear,fear,-0.3352,0.7645,1.0
l0HUg6Ypas42ubkXu,anger,anger,-0.4965,0.7171,1.0
SaX384PjtDl2U,anger,anger,-0.5012,0.7896,1.0
14Cdxd4oLMcg0,anger,anger,-0.4913,0.8021,1.0
r5gHt2TCIiHK0,fear,fear,-0.303,0.7139,1.0
1569RvwRjejO2IcueA,anger,anger,-0.4987,0.8018,1.0
3o6gDWzmAzrpi5DQU8,neutral,neutral,-0.0348,0.4833,1.0
9GLiEBLM0qiSQ,anger,anger,-0.4197,0.7233,1.0
Vi4MRwWi9sYpi,anger,anger,-0.5012,0.7896,1.0
xBXWbB1p0WfQraQP6k,neutral,neutral,-0.0775,0.4788,1.0
9HQRIttS5C4Za,anger,anger,-0.4783,0.7926,1.0
fbHFJR5vXcWgXpKEXK,anger,anger,-0.2705,0.7064,1.0
O3GqAYR9jFxLi,fear,fear,-0.3074,0.7732,1.0
SQgbkziuGrNxS,neutral,neutral,0.0044,0.5073,1.0
5mBE2MiMVFITS,happy,happy,0.2706,0.7376,0.9999
MZocLC5dJprPTcrm65,surprise,surprise,-0.0565,0.7702,1.0
MVgLEacpr9KVK172Ne,fear,fear,-0.3937,0.746,1.0
g9582DNuQppxC,happy,happy,0.2723,0.6252,0.9977
4oDzdrfM6I5I4,fear,fear,-0.3916,0.8184,1.0
dMsh6gRYJDymXSIatd,anger,anger,-0.483,0.7925,1.0
tXL4FHPSnVJ0A,sad,sad,-0.6229,0.3773,1.0
cEYFeE4wJ6jdDVBiiIM,fear,fear,-0.2616,0.6449,1.0
2RGhmKXcl0ViM,anger,anger,-0.3504,0.7775,1.0
S5yqNNTQlEZfqQ7InC,anger,anger,-0.2527,0.7274,1.0
sDcfxFDozb3bO,anger,anger,-0.4926,0.7846,1.0
XozypzpGakVuX2ciZJ,anger,anger,-0.413,0.7183,1.0
aMh59aKR8vjdC,anger,anger,-0.4498,0.7646,1.0
88iYsvbegSUn9bSTF8,happy,happy,0.4207,0.6408,1.0
P1PemPnyp4g1i,fear,fear,-0.3536,0.786,0.9999
11ASZtb7vdJagM,neutral,neutral,-0.0114,0.4579,1.0
XUFPGrX5Zis6Y,fear,fear,-0.3121,0.7662,1.0
oVW4ztszdtmM0,anger,anger,-0.4871,0.7864,1.0
gSIz6gGLhguOY,anger,anger,-0.4604,0.7396,1.0
IwYXRW8IXRftS,fear,fear,-0.4431,0.8089,1.0
1iTH1WIUjM0VATSw,fear,fear,-0.0968,0.7357,1.0
WJjLyXCVvro2I,anger,anger,-0.464,0.7508,1.0
26vUDLOP9YIc8oxGg,anger,anger,-0.0692,0.7232,1.0
xiN0BXMETVsx0AxTXt,fear,fear,-0.3312,0.7974,1.0
xTiN0CNHgoRf1Ha7CM,happy,happy,0.375,0.7079,0.9998
bC9czlgCMtw4cj8RgH,happy,happy,0.4014,0.6481,0.9999
9SIXFu7bIUYHhFc19G,surprise,surprise,0.1823,0.7235,1.0
dAvvMX8BLOvCg,happy,happy,0.5221,0.696,1.0
8nmvR3jAxnl2o,anger,anger,-0.4813,0.7803,1.0
XeNrmVGsK2sHIjUosG,anger,anger,-0.4988,0.7992,1.0
huJmPXfeir5JlpPAx0,surprise,surprise,-0.0147,0.7799,1.0
j3IxJRLNLZz9sXR7ZA,anger,anger,-0.4538,0.7573,1.0
2bUpP71bbVnZ3x7lgQ,anger,anger,-0.3493,0.6749,1.0
r42HxBImuzoRxsRA14,anger,anger,-0.4981,0.7885,1.0
15Quq4AsnLck0zlm5r,anger,anger,-0.3735,0.5947,1.0
wHB67Zkr63UP7RWJsj,anger,anger,-0.4461,0.6283,1.0
b8RfbQFaOs1rO10ren,surprise,surprise,0.1119,0.8048,1.0
853jNve3ljqrYrcSOK,fear,fear,-0.4591,0.7538,1.0
bOifD9wkVMRxu,anger,anger,-0.2188,0.7473,1.0
p4pWzctMrCBfLFgycF,anger,anger,-0.4768,0.7795,1.0
D7z8JfNANqahW,anger,anger,-0.4882,0.7879,1.0
1jXGsHY2EKdL27mEMd,anger,anger,-0.373,0.6695,1.0
RHIYhjyA2R8IibyqPU,anger,anger,-0.2697,0.6856,0.9999
b6iVj3IM54Abm,anger,anger,-0.509,0.7298,1.0
o75ajIFH0QnQC3nCeD,anger,anger,-0.4659,0.7952,1.0
xFBnkMvpTM6m4,anger,anger,-0.4634,0.7685,1.0
l4Ep3mmmj7Bw3adWw,happy,happy,0.3547,0.7406,1.0
2SXXwzEfH0qmXqYhcG,anger,anger,-0.5037,0.798,1.0
baJHXNgPLkpOg,anger,anger,-0.347,0.6262,1.0
LIzmN5oIcHdCM,neutral,neutral,0.0074,0.526,0.9994
62HIkemjJZOD95NDlI,anger,anger,-0.4481,0.7382,1.0
W69xBwRM9fhh30eyMw,fear,fear,-0.2499,0.6709,1.0
13d2jHlSlxklVe,anger,anger,-0.4134,0.7552,1.0
DffShiJ47fPqM,anger,anger,-0.3281,0.7426,1.0
xTiTnF2FfzN2g2oSbu,anger,anger,-0.4948,0.7771,1.0
3oKIPwoeGErMmaI43S,fear,fear,-0.2987,0.7847,0.9998
lpmutx2vnRtA5hC5zg,anger,anger,-0.5043,0.7904,1.0
l0HlMPcbD4jdARjRC,anger,anger,-0.5104,0.7544,1.0
wi8Ez1mwRcKGI,anger,anger,-0.3636,0.705,1.0
HhTXt43pk1I1W,fear,fear,-0.3321,0.7796,1.0
l2SpQ0pTWgKGQ7Z7i,neutral,neutral,-0.0224,0.4689,1.0
1rNWZu4QQqCUaq434T,fear,fear,-0.4176,0.6913,1.0
yuw0QDxjV0lrO,neutral,neutral,-0.0071,0.5172,0.9991
xT8qB7Sbwskk27Rdy8,anger,anger,-0.3617,0.7123,1.0
5e22CwMaD4oMSk3Qpc,anger,anger,-0.4529,0.7843,1.0
11tTNkNy1SdXGg,anger,anger,-0.5083,0.7951,1.0
26n6R5HOYPbekK0YE,happy,happy,0.0843,0.739,0.9998
l0HU7yHIK6Nc3WcE0,anger,anger,-0.3878,0.7676,1.0
nDMyoNRkCesJdZAuuL,anger,anger,-0.3588,0.7138,1.0
KWzTx0tYwZfkk,fear,fear,-0.4392,0.8333,1.0
Qw4X3FnmFFCPANtlhtK,anger,anger,-0.3975,0.7243,1.0
127h8dMHnk5H5C,anger,anger,-0.3641,0.6943,1.0
tGbhyv8Wmi4EM,neutral,neutral,0.1467,0.5551,0.9993
1zmG8avB83Uvm,anger,anger,-0.4928,0.7994,1.0
2XOL4zsm6V0nm,anger,anger,-0.4748,0.7809,1.0
QynMX1WxnYFbb2OHnJ,surprise,surprise,-0.0903,0.6774,1.0
6rTQC2UiX9AOI,anger,anger,-0.3863,0.7257,1.0
gJuTwM3yuQ8f3rE8KV,anger,anger,-0.4601,0.7897,1.0
WUeeGwT8d8KFa,anger,anger,-0.4708,0.7687,1.0
XDSBGwnjvTpoZGJhxY,anger,anger,-0.3801,0.6643,0.9999
YRw676NBrmPeM,anger,anger,-0.1475,0.7328,1.0
12UPyerJpVC2PzWkrz,sad,sad,-0.6021,0.3904,1.0
zSN6p17t8Ws12,anger,anger,-0.3155,0.6212,1.0
2UvAUplPi4ESnKa3W0,surprise,surprise,0.2114,0.7357,0.9999
xUA7b7O3atoEknirKg,neutral,neutral,-0.0272,0.4841,0.9986
8cdfoJuYuz2u27DAAO,anger,anger,-0.4013,0.7458,1.0
HDZ05Y9VeSjL2,anger,anger,-0.4978,0.7939,1.0
sQBkCTTrJRLSE,anger,anger,-0.1301,0.6752,1.0
BpGWitbFZflfSUYuZ9,anger,anger,-0.2984,0.6525,1.0
X0bnTmo4izNfi,anger,anger,-0.227,0.7256,1.0
LrC1m7Ay3xsha,happy,happy,0.4483,0.7282,0.9999
3o6UB3VhArvomJHtdK,happy,happy,0.3049,0.6439,0.9987
IQ9KefLJHfJPq,anger,anger,-0.2692,0.7322,1.0
rvaQRHCzisFeo,anger,anger,-0.4702,0.7651,1.0
1yTcuVWpdb5dL3YB2P,fear,fear,-0.171,0.6598,0.9996
h4TdHo3RExSbHd9bOe,anger,anger,-0.2854,0.7536,1.0
AobQDNI4K7a4U,anger,anger,-0.4441,0.7243,1.0
UiBmJv6Hh6FfW,anger,anger,-0.1475,0.7328,1.0
l3q2XhfQ8oCkm1Ts4,happy,happy,0.3603,0.6487,1.0
3ohs7U04OERhUtefja,fear,fear,-0.4045,0.8037,1.0
9L0Ppewq4EQec,neutral,neutral,0.0036,0.481,0.9998
gj0QdZ9FgqGhOBNlFS,happy,happy,0.6109,0.7276,0.9999
3o85xnoIXebk3xYx4Q,anger,anger,-0.4111,0.7568,1.0
dZdadd8KqjgsJGjMVp,anger,anger,-0.4701,0.7615,1.0
HB4mYkjjFcvNm,anger,anger,-0.4534,0.7466,1.0
fRloIBhOoPoUouMHt9,fear,fear,-0.3014,0.7167,1.0
l2ZDN6z07Z5vNInte,happy,happy,0.5679,0.7042,0.9998
3XiQswSmbjBiU,anger,anger,-0.3597,0.6721,1.0
lF5bH6enH9F1m,anger,anger,-0.4444,0.787,1.0
8nM6YNtvjuezzD7DNh,anger,anger,-0.4726,0.785,1.0
bbshzgyFQDqPHXBo4c,happy,happy,0.422,0.6441,0.9977
JhMKbTYehsFe8,fear,fear,-0.3238,0.8244,1.0
SLAe6QZljBbd6,anger,anger,-0.4438,0.7238,1.0
aTx5OMKR7FCGQ,anger,anger,-0.3137,0.7494,1.0
l2Je3n9VXC8z3baTe,fear,fear,-0.4415,0.8154,1.0
7LgKUsZiSjcRO,anger,anger,-0.4953,0.7861,1.0
xT39D7O9Xj1JqKq5i0,anger,anger,-0.4997,0.7871,1.0
l3q2K5jinAlChoCLS,sad,sad,-0.3061,0.4605,0.9986
Ejf1HdY98SPRK,anger,anger,-0.5013,0.7932,1.0
3ohc1dvSEcrtXydl6w,anger,anger,-0.5032,0.7964,1.0
R51a8oAH7KwbS,anger,anger,-0.4924,0.6892,1.0
e37RbTLYjfc1q,anger,anger,-0.4774,0.7886,0.9999
lqLt4lAoMOTB28jzTd,anger,anger,-0.463,0.7803,1.0
29HRejgahYenVsohB5,happy,happy,0.5868,0.739,0.9999
3ohc0QQkTH6YK8g4zS,anger,anger,-0.4484,0.7281,1.0
l0HefZY0mFfLS9AFa,anger,anger,-0.4519,0.7574,1.0
3o85xAYQLOhSrmINHO,neutral,neutral,0.1129,0.6118,0.9992
xl5QdxfNonh3q,anger,anger,-0.496,0.7957,1.0
XGy5xGE5HhejVxSjGq,neutral,neutral,-0.0461,0.4888,0.9999
VG89qvC27mPcyNs3Aq,anger,anger,-0.487,0.7663,1.0
5VKbvrjxpVJCM,surprise,surprise,0.1289,0.8511,1.0
igR5863TALcSk,anger,anger,-0.3752,0.7689,1.0
Y3wB6XgdPtGJE2G4hK,anger,anger,-0.3605,0.6725,1.0
gW2ehLPJ0GUFMGQfT6,neutral,neutral,-0.0965,0.5357,1.0
F5wBXtQmDVIJXAqe8v,neutral,neutral,-0.031,0.472,1.0
PqQIVXwPWkcMg,neutral,neutral,-0.0831,0.5004,1.0
l4pTfx2qLszoacZRS,happy,happy,0.4124,0.6152,1.0
hB5vNhUepvcek,anger,anger,-0.4788,0.783,1.0
dRzkTXN18W84cGxGsC,anger,anger,-0.495,0.7989,1.0
qBykyt7AiTOgM,fear,fear,-0.435,0.8445,1.0
3o85xtua43qayXTiqQ,neutral,neutral,-0.252,0.5584,0.9988
TcKpesqXMpLwI,anger,anger,-0.4028,0.6191,1.0
mks5DcSGjhQ1a,anger,anger,-0.4254,0.7741,1.0
TgC8jEirdyKICUVPPs,happy,happy,-0.0007,0.6774,0.9993
YT805t3TRDy6uISZuN,fear,fear,-0.3857,0.8203,1.0
ErDZ73YFYLSPC,anger,anger,-0.4263,0.7675,1.0
l1J3G5lf06vi58EIE,anger,anger,-0.4332,0.7578,1.0
50cjS4l1tm8ne,happy,happy,0.2836,0.6631,0.9999
5o1nnMT5InheM,neutral,neutral,-0.0876,0.5054,1.0
qVJDUpdAHqItG,anger,anger,-0.3,0.707,1.0
3oEdv22bKDUluFKkxi,anger,anger,-0.4843,0.7836,1.0
8mYqokJopdwx5x1I5F,anger,anger,-0.4571,0.7708,1.0
xT0BKCQJDzoTaeQyA0,anger,anger,-0.4961,0.7896,1.0
YmQLj2KxaNz58g7Ofg,anger,anger,-0.3948,0.6991,1.0
O6Aubv7sJW7bgwBwia,anger,anger,-0.4234,0.6857,1.0
uyWTOgNGGWfks,anger,anger,-0.3815,0.6346,0.9999
lYZFgG0I5zch9JNTG9,anger,anger,-0.4528,0.7595,1.0
DxbAro4C39Qi5kJmPb,happy,happy,0.3039,0.6984,0.9995
c7f4S3u8XbYMo,fear,fear,-0.41,0.8338,1.0
S6NfXNzmwrBwAseDyf,neutral,neutral,-0.0069,0.4928,1.0
hFmIU5GQF18Aw,neutral,neutral,-0.0205,0.4748,1.0
3o6ozvv0zsJskzOCbu,happy,happy,0.435,0.6889,0.9976
XSc4Kkc5u2WZy,anger,anger,-0.4867,0.7647,1.0
iYfxT7U2QKR4A,fear,fear,-0.2336,0.6953,1.0
7kn27lnYSAE9O,happy,happy,0.291,0.7526,0.9999
rVZEejvVWEbug,anger,anger,-0.2641,0.7231,1.0
6D0dubMvJUtAA,anger,anger,-0.0823,0.6675,0.9999
oF5oUYTOhvFnO,happy,happy,0.5951,0.6951,1.0
vnOQdGt1ILQEo,anger,anger,-0.2741,0.6316,1.0
WrBSHRLE9gEgM,neutral,neutral,-0.1246,0.6241,0.9989
gk3R16JhLP8RUka2nD,anger,anger,-0.4631,0.7516,1.0
f8bi39QaEsJBOyVOFB,neutral,neutral,-0.0226,0.4734,1.0
8njotXALXXNrW,anger,anger,-0.4936,0.7776,1.0
3o85xxSZvFZgD4wXde,neutral,neutral,0.0428,0.5692,0.9938
l2JdUrmFPxNZZiWYM,anger,anger,-0.1672,0.7026,1.0
elVm3XLGESzi64KZX3,anger,anger,-0.3137,0.663,1.0
lKKXOCVviOAXS,fear,fear,-0.3987,0.8087,1.0
Tj4LGlKhDRgdwfFW1u,anger,anger,-0.2762,0.6543,1.0
QXPmPdudTz4So2P4OQ,surprise,surprise,-0.0604,0.6998,1.0
d7mMzaGDYkz4ZBziP6,anger,anger,-0.4892,0.7829,1.0
giLdGtRdBDxYVMoUw0,anger,anger,-0.347,0.6867,1.0
9umH7yTO8gLYY,anger,anger,-0.4541,0.7917,1.0
Oj7yTCLSZjSt2JMwi2,neutral,neutral,-0.0204,0.5008,0.9999
xT0GqimU9dTwmE5lra,anger,anger,-0.3657,0.7076,1.0
GeimqsH0TLDt4tScGw,neutral,neutral,0.081,0.5966,0.9993
xT9IghUPdIhaIXrR7y,anger,anger,-0.485,0.7876,1.0
oGOW75SleZPR6,anger,anger,-0.4222,0.7595,1.0
ClHz2YRBofO8w282HH,anger,anger,-0.4967,0.8015,1.0
xfR4J1y61nDnW,neutral,neutral,-0.1476,0.5817,1.0
2BG086WOP2Xfi,anger,anger,-0.4926,0.7906,1.0
d1E1msx7Yw5Ne1Fe,neutral,neutral,-0.0033,0.4661,1.0
JoV2BiMWVZ96taSewG,anger,anger,-0.3662,0.6607,1.0
HUkOv6BNWc1HO,fear,fear,-0.3844,0.8072,1.0
l0IylOPCNkiqOgMyA,anger,anger,-0.3952,0.7531,1.0
aS8ypUweGOXMA,anger,anger,-0.4974,0.7843,1.0
l0HlvtIPzPdt2usKs,anger,anger,-0.3926,0.6504,0.9998
koPSBhdvbCD4c,anger,anger,-0.5091,0.7343,1.0
J60jJzFBH8cHYH8QOn,neutral,neutral,0.0442,0.4903,0.9996
iojLAcf5ZETPq,happy,happy,0.3368,0.6147,0.9976
26tPdwMm4jyClgxTq,anger,anger,-0.4313,0.7679,1.0
YN1eB6slBDeNHr1gjs,anger,anger,-0.4792,0.7847,1.0
6901DbEbbm4o0,anger,anger,-0.3306,0.7934,1.0
l2Jejt7O03eXaRQre,anger,anger,-0.4325,0.7386,1.0
FTELxTvVLJqRq,anger,anger,-0.4923,0.7884,1.0
3oz8xH9l1ci0ZJFawM,fear,fear,-0.3452,0.6885,1.0
lw75Al819OAvcsPcRu,happy,happy,0.475,0.7183,0.9999
SrmLZIT3S8oFO,fear,fear,-0.4293,0.8576,1.0
JCAZQKoMefkoX6TyTb,fear,fear,-0.4209,0.832,1.0
3oz8xJIDVJ1KANEUfK,happy,happy,0.5679,0.7349,1.0
jqI7vrTgA1An4pi4k8,anger,anger,-0.3741,0.7105,1.0
6Gp9z8MI9c8xO,fear,fear,-0.3773,0.8019,1.0
hFXwY4lER3oBO,anger,anger,-0.4772,0.6257,1.0
3o72FgwyBxqGxxrsRy,anger,anger,-0.2878,0.6133,1.0
Uo8APUiIAr7qM,anger,anger,-0.2531,0.6405,0.9886
oymRV1UYQWLFNM78Xe,anger,anger,-0.4722,0.7749,0.9998
cklPOHnHepdwBLRnQp,happy,happy,0.7069,0.7325,1.0
VSDalee3ipdyo,fear,fear,-0.4197,0.8572,0.9988
rFPH6jKnrAKU8,anger,anger,-0.1372,0.7532,1.0
l3q2JCu9lep6dAmyY,anger,anger,-0.2782,0.6727,1.0
M9OowyXcTJkOlkurIT,neutral,neutral,-0.05,0.5346,0.9994
9tTEqj99CSMsE,fear,fear,-0.2216,0.7403,0.9999
80dF8fSDEdDG0,happy,happy,0.5244,0.6664,1.0
T3Vx6sVAXzuG4,happy,happy,0.4267,0.7154,0.9997
3osxYoNxMyGazX1D2w,neutral,neutral,-0.1766,0.5787,0.9998
lFmmcqA4VBhMQ,fear,fear,-0.2441,0.712,0.9999
ksVugU85LoBk4,anger,anger,-0.2832,0.6202,1.0
s3hZZwFRki8r6,anger,anger,-0.4649,0.7641,1.0
10H4by255F2UsU,anger,anger,-0.4915,0.795,1.0
xv0dyjkSmaUdG,anger,anger,-0.231,0.645,1.0
yoJC2K6rCzwNY2EngA,anger,anger,-0.3242,0.6848,0.9999
hTCp28zfmxc9ig9nCc,anger,anger,-0.5058,0.7872,1.0
igi0dS20WxPJvroIgW,fear,fear,-0.4184,0.7943,1.0
gswsH2I4U4u6Q,anger,anger,-0.3028,0.6467,1.0
8fen5LSZcHQ5O,anger,anger,-0.2283,0.6342,1.0
11jIcdl19gWkAE,fear,fear,-0.2144,0.8377,1.0
l4q8cJzGdR9J8w3hS,happy,happy,0.2524,0.6871,0.9988
l0MYGb1LuZ3n7dRnO,anger,anger,-0.3844,0.6911,1.0
5zjJfdoitd4Ck,fear,fear,-0.303,0.7139,1.0
hPpc3mShfW3K2Skmtx,neutral,neutral,-0.0995,0.5169,1.0
12msOFU8oL1eww,happy,happy,0.3885,0.6742,0.9997
jpnUo1K9G5nzUuFUQT,fear,fear,-0.3902,0.7542,1.0
l0MYO6KvZeNjc1LQk,neutral,neutral,0.0041,0.4676,1.0
k0CJuMw9h7m3S,fear,fear,-0.27,0.6567,1.0
11pP44O1PcjgUE,anger,anger,-0.4095,0.7713,1.0
jnQ05uCXivi2cnpfYz,anger,anger,-0.2136,0.7074,0.9999
sdarezLLwzMkw,anger,anger,-0.4805,0.7809,1.0
vNU5PyxaM8bBu,happy,happy,0.0336,0.646,0.9992
EVf8tbnlr77Es,fear,fear,-0.4398,0.7986,1.0
xXvIkTu08XQLC,anger,anger,-0.4609,0.7696,1.0
SXHowTvFHespxSflKy,anger,anger,-0.488,0.6073,1.0
Zw3oBUuOlDJ3W,happy,happy,0.4602,0.6871,0.9993
iKBAAfYNDu1dowhnEj,anger,anger,-0.3256,0.6088,1.0
HbkT5F5CiRD3O,anger,anger,-0.4715,0.7811,1.0
ZbUOH7pbDiNSmU1x4o,anger,anger,-0.3426,0.6173,1.0
SF9Z0shNT07T2,anger,anger,-0.4976,0.7893,1.0
l3vR6aasfs0Ae3qdG,happy,happy,0.4225,0.6859,0.9975
PnahEQ7Ify1JvhQrag,anger,anger,-0.27,0.6534,1.0
reiJ6YoVwJi5a,anger,anger,-0.4191,0.7566,0.9999
1dIYE1CwFyTTbiOSiy,happy,happy,0.4191,0.6263,1.0
RN96CaqhRoRHk4DlLV,anger,anger,-0.4056,0.7407,1.0
D93WVTRIEMNm90NzPt,anger,anger,-0.499,0.7979,1.0
x0kMYoT7J31i8,anger,anger,-0.2069,0.7418,0.9999
WRWyfIWXpnoXgK2Pcj,anger,anger,-0.3792,0.7134,1.0
29pezrIwrkblK,neutral,neutral,0.2308,0.5602,0.9996
l0ExayQDzrI2xOb8A,happy,happy,0.3581,0.7107,0.9999
3o7ZeEZUzRjyvWuuIg,fear,fear,-0.4342,0.7932,1.0
YfMHLC2s6okBq,happy,happy,0.2803,0.6727,0.9991
7JETd7y4ckts9QiUK4,fear,fear,-0.3234,0.7649,1.0
10fTHeZVQug7hC,anger,anger,-0.4526,0.7809,1.0
CNna9G8BQvnoI,anger,anger,-0.4462,0.7355,1.0
gYkga3bZav66I,anger,anger,-0.4842,0.7816,1.0
3oz8xsRKgCWlzkqT7y,anger,anger,-0.2781,0.6606,1.0
WOqPbwiIT5xM5CrH2a,anger,anger,-0.273,0.6431,1.0
11TU9wJqEtr2ZW,anger,anger,-0.4755,0.7688,1.0
kc0kqKNFu7v35gPkwB,anger,anger,-0.4999,0.7879,1.0
9ABgKHIu3acWA,fear,fear,-0.4045,0.7874,1.0
Xf1ghvcjLrMn3O6Qe4,neutral,neutral,-0.0533,0.4689,1.0
3o7WIGB5tfTUw9V5M4,neutral,neutral,-0.0158,0.5176,0.9951
3oEjI5VtIhHvK37WYo,happy,happy,0.4514,0.6559,1.0
4T5jQfMUjLrS3QMSms,anger,anger,-0.2599,0.7202,1.0
2utfXGpUJEjEQ,fear,fear,-0.2576,0.6984,1.0
14wTbNneogwjba,anger,anger,-0.4888,0.7883,1.0
fBjm5CS40P1ra,happy,happy,0.3922,0.6397,1.0
sRiARHYSPJXDq,neutral,neutral,-0.0764,0.4982,0.9999
W093Amc6yeS3IZbmAz,anger,anger,-0.3426,0.6033,1.0
TBOvwBGkQShnq,anger,anger,-0.4588,0.7766,1.0
xUOxeSXjqTCTzkq40w,happy,happy,0.4081,0.6597,1.0
xEGqih6o0meyY,neutral,neutral,0.0568,0.5676,0.9997
Qw4X3FMPf0xxtLjwcnK,fear,fear,-0.462,0.7689,1.0
m9eG1qVjvN56H0MXt8,happy,happy,0.6021,0.711,1.0
12TGsewzFyNuOQ,surprise,surprise,-0.1291,0.8048,1.0
fRhSHzQ4NXOdrHIZJd,anger,anger,-0.1498,0.6411,1.0
z0L7YsxOfbncA,fear,fear,-0.3302,0.7447,1.0
BjHIjM2YFC3rEUaMrw,anger,anger,-0.4168,0.7349,1.0
3o7TKB3oifq46DDhOE,neutral,neutral,-0.2653,0.4743,0.9997
OAYtfrwCvdVjW,neutral,neutral,-0.0744,0.5085,1.0
3o7abrH8o4HMgEAV9e,fear,fear,-0.426,0.8347,1.0
CTkWFZ1IDvsfS,neutral,neutral,-0.037,0.4667,1.0
prhZjwRxxt5Ys,anger,anger,-0.5016,0.7995,1.0
u3wxhL63uuhMqoMKQF,anger,anger,-0.4508,0.7834,1.0
I6nxG7f3h7qww,fear,fear,-0.3618,0.815,1.0
hsxHqVGqz4vxg5N7xb,anger,anger,-0.4183,0.6951,1.0
l1KVaj5UcbHwrBMqI,sad,sad,-0.4226,0.5875,1.0
l0ErLeqamV3UOARsA,anger,anger,-0.4252,0.6266,1.0
nBQMf95HKESX1c8zAY,anger,anger,-0.4337,0.7805,1.0
L0Z4qwdwv62cn4haFp,anger,anger,-0.4692,0.7646,1.0
zCpYQh5YVhdI1rVYpE,anger,anger,-0.4719,0.7746,1.0
UUycSG6B21KXizJJ6S,anger,anger,-0.4927,0.797,1.0
3ov9jYcrBsf7u6D516,anger,anger,-0.4071,0.7252,1.0
mJoc5piKiLT9e,anger,anger,-0.4229,0.702,1.0
YHvwPgwojjsFa,anger,anger,-0.3004,0.6376,0.9999
2mG3TDbUTFY5UznyjS,anger,anger,-0.466,0.7812,1.0
gulZzRO8ZYCaPwPwS3,happy,happy,0.501,0.6683,0.9986
oS8pRFxbD0d44,anger,anger,-0.3685,0.7,1.0
xT5LMHMVvWbyDAtYQ0,anger,anger,-0.3938,0.7414,1.0
UhgD6T3wqGszUu7ZoX,anger,anger,-0.2908,0.6497,1.0
GbPru204dTDfG,anger,anger,-0.1115,0.68,1.0
mYeIp5eruF3jy,fear,fear,-0.457,0.642,1.0
JYEEdjzlsb280,fear,fear,-0.4509,0.6941,1.0
Fu3OjBQiCs3s0ZuLY3,happy,happy,0.5304,0.6965,0.9996
Q9FGOQewX92eRRO9Qi,anger,anger,-0.3467,0.7806,1.0
cgeSnXHh1g9AI07V4o,anger,anger,-0.2179,0.7539,1.0
in6mnJNYjGKpq,anger,anger,-0.3953,0.7239,1.0
3oEhmCmDzqV12kkwdW,anger,anger,-0.4673,0.7825,1.0
3o84sw9CmwYpAnRRni,anger,anger,-0.3205,0.6374,1.0
Ro6bzW9q9Bttu,anger,anger,-0.4957,0.7901,1.0
hTCn3xvVLZYT2qwe7X,anger,anger,-0.3666,0.7151,0.9978
dK8qXHIvVXR9IwRVwC,neutral,neutral,-0.2113,0.6005,0.9999
sG4zmff2zDOp7t2MNA,anger,anger,-0.297,0.6573,1.0
HW05UrUSfAzZu,anger,anger,-0.4834,0.7909,1.0
l49JXLMikNV9U5OpO,anger,anger,-0.2412,0.6846,1.0
3o6ZtfZp8ID54YUne0,anger,anger,-0.5012,0.7353,1.0
u00BUvSb3L5cIQHhjw,neutral,neutral,-0.0571,0.494,0.9998
l4Fsly71gEOtGvLQA,anger,anger,-0.4223,0.7414,1.0
v3p3CtSrNYNLa,anger,anger,-0.3168,0.6768,1.0
Jom1pLj6t9BfUU1t7E,anger,anger,-0.0693,0.7417,1.0
13hxeOYjoTWtK8,happy,happy,0.587,0.7363,0.9999
Ff30iZRZcpNO8,happy,happy,0.6579,0.7162,1.0
3og0IR3OnGlm2yBM2c,anger,anger,-0.3496,0.6764,1.0
vWku8YNwyy5vq,anger,anger,-0.2106,0.6703,1.0
13dFbYQXSmQSTm,fear,fear,-0.318,0.7336,1.0
13746CZnj9zQwo,happy,happy,0.057,0.7093,0.9998
e1LbfvnlOnAVjO6wwC,fear,fear,-0.4477,0.7822,1.0
fTmlIVRshlsY1prd2x,happy,happy,0.5277,0.6778,1.0
OqFpgF7bet1sRoCmpb,anger,anger,-0.4989,0.754,1.0
kLLvH1EOtCwQ8,neutral,neutral,-0.0115,0.5163,0.9993
l0ErFafpUCQTQFMSk,anger,anger,-0.1682,0.7023,0.9898
3oFzmqENRBkRTRfLcA,happy,happy,0.4968,0.7407,1.0
euna4DA7PXW9MTE5Dq,anger,anger,-0.3434,0.6169,1.0
P7JmDW7IkB7TW,anger,anger,-0.3036,0.7592,1.0
mlvseq9yvZhba,anger,anger,-0.284,0.6289,1.0
12RfP2odT4hEOI,anger,anger,-0.4851,0.7929,1.0
bHG5gzKfPESAGr4Dxg,neutral,neutral,-0.0408,0.4818,0.9999
DDY6DXM7G2gs1IODZt,neutral,neutral,-0.044,0.5828,0.9991
pQmWjYrz39YAg,anger,anger,-0.2072,0.6782,1.0
BzyXZ0fN2FWDlpAOEG,anger,anger,-0.2027,0.695,0.9999
l0MYP6WAFfaR7Q1jO,anger,anger,-0.5008,0.7591,1.0
guufsF0Az3Lpu,happy,happy,0.306,0.638,0.9996
l3JDnePt8MlFnFApq,anger,anger,-0.4694,0.7847,1.0
8PuWB2Qq49GQ8,neutral,neutral,-0.0218,0.489,0.9998
8BQrUp5nJgIGnYUHBA,fear,fear,-0.2775,0.7724,1.0
ie6mLMn1pQdDVPoYoj,neutral,neutral,-0.0117,0.4882,0.9995
rVbAzUUSUC6dO,happy,happy,0.4986,0.7048,0.9999
3P0oEX5oTmrkY,anger,anger,-0.3364,0.5938,1.0
BT4ygwV9vgwAU,anger,anger,-0.4036,0.7151,1.0
539nFXZGWnO0JKJ39b,anger,anger,-0.3273,0.6789,1.0
9ijt46Acg5ji0,anger,anger,-0.2529,0.7409,0.9974
t7sEnf5w7wJ1CEPyy7,neutral,neutral,-0.082,0.4939,0.9996
W296vUe6AR2JFr0cLj,neutral,neutral,-0.0111,0.4864,1.0
rhYsUMhhd6yA0,anger,anger,-0.4953,0.7646,1.0
tItIlCGySM0ieKKW6b,anger,anger,-0.1671,0.7352,0.9999
3oEdv5AyPbJOz1Pk6A,happy,happy,0.3836,0.6419,0.9994
l2JhtKtDWYNKdRpoA,anger,anger,-0.4965,0.7128,1.0
l1ug3xGEN1oZBT7qw,happy,happy,0.1958,0.698,0.9999
9p8mHahLDMbTO,anger,anger,-0.4817,0.7829,1.0
Rd7pEbE7rjZz8vySuU,anger,anger,-0.3026,0.6174,1.0
pHYaWbspekVsTKRFQT,neutral,neutral,-0.0318,0.4718,1.0
3d5O10XObbr8LW4bDY,anger,anger,-0.3199,0.7094,0.9999
puvQ0zJfHUikg,fear,fear,-0.4661,0.8094,1.0
aaPUKNp0pj52GovPyW,anger,anger,-0.3602,0.6862,1.0
kZu5IMsDPzHqlOpmme,happy,happy,0.447,0.6968,0.9997
toz7qXlLyHy9n8KfKO,anger,anger,-0.3886,0.7233,1.0
nLPHXhciLXhnckv7Fg,anger,anger,-0.475,0.7998,1.0
l49JNC3SiBy9PIW1G,anger,anger,-0.3306,0.6947,1.0
1pm1vEyxqxoaY,fear,fear,-0.2767,0.7017,1.0
Uh1ZPq7mA7xa8,happy,happy,0.1259,0.7344,0.9973
mpdNxvbxee5yw,anger,anger,-0.3234,0.6315,1.0
rgbAtUv07WAW4,neutral,neutral,-0.0394,0.4734,1.0
NdKVEei95yvIY,neutral,neutral,0.0205,0.4981,0.9999
26gJyIscAHtBNcc00,anger,anger,-0.397,0.7402,1.0
iAYupOdWXQy5a4nVGk,anger,anger,-0.4599,0.7273,1.0
3o7abKhOpu0NwenH3O,happy,happy,0.6675,0.7234,0.9999
U4SQsgueVxuXzl3igz,anger,anger,-0.286,0.6493,0.9999
Udg5BOrPsKCQw,happy,happy,0.1354,0.617,0.9999
l41JRsph73VokN6ik,anger,anger,-0.2838,0.7371,1.0
l0K4puBUN4w6G4ksE,anger,anger,-0.3594,0.7233,1.0
yq9gXFnlF0DG8,happy,happy,0.4348,0.7236,0.9988
BcPbK9ci4EU31qUTkR,anger,anger,-0.2217,0.7078,1.0
lgRNj0m1oORfW,neutral,neutral,0.094,0.5547,0.9992
cjhGnTOW1bIV2TmthV,neutral,neutral,-0.0244,0.5081,0.9996
jG5uIKBfJyouY,anger,anger,-0.3079,0.7495,1.0
1hqYk0leUMddBBkAM7,happy,happy,0.0177,0.6525,0.9991
l0NwvUd7IEjn1764U,fear,fear,-0.2748,0.6532,0.9999
z9iE1SPAptyLK,anger,anger,-0.3096,0.6859,0.9944
l1J9FiGxR61OcF2mI,surprise,surprise,0.1495,0.7864,1.0
1APaqOO5JHnWKLc7Bi,happy,happy,0.5548,0.7436,1.0
TIvv7HIMVzbZm,anger,anger,-0.4991,0.795,1.0
xT1XGAFVgM73USM5QQ,anger,anger,-0.4107,0.7165,1.0
ckGndVa23sCk9pae4l,sad,sad,-0.6051,0.4032,1.0
jQXBt1YOGXJu0,happy,happy,0.2926,0.6242,1.0
gJ4fi0dgBLjvq,neutral,neutral,-0.0482,0.4754,1.0
l0MYryZTmQgvHI5TG,fear,fear,-0.4187,0.847,1.0
YaZgr3Nj9DDI4,fear,fear,-0.0474,0.7506,1.0
l4Ki2obCyAQS5WhFe,anger,anger,-0.2776,0.6132,1.0
10hO3rDNqqg2Xe,happy,happy,0.3936,0.7273,0.9995
QYWdj9WoicvEk,fear,fear,-0.2729,0.85,1.0
AqfOVseMPDVja,anger,anger,-0.4752,0.7845,1.0
ulLv2uutsnJQ4liFvI,anger,anger,-0.3641,0.7311,1.0
3o7buiQeyYFamzRoR2,happy,happy,0.5516,0.7296,0.9995
WTzZ7p8SGdzmE,happy,happy,0.4322,0.6864,0.9999
ynRrAHj5SWAu8RA002,anger,anger,-0.2991,0.7249,1.0
xT0xeuOy2Fcl9vDGiA,neutral,neutral,-0.0469,0.5667,0.9977
eXOVOJLkK6G7S,anger,anger,-0.3552,0.6832,1.0
AgaXMCnoSbNHa,fear,fear,-0.2775,0.7172,1.0
NmrqUdwGXPOog,neutral,neutral,0.0101,0.5538,0.9987
UrfLgfuQG41sQ,anger,anger,-0.5035,0.7982,1.0
7ziO8WTeXJCGZlq4mm,anger,anger,-0.4261,0.7287,1.0
2cdYfc9hMr9df6dS2s,anger,anger,-0.4898,0.7588,1.0
cXblnKXr2BQOaYnTni,happy,happy,0.4254,0.6951,0.9977
zRQIOikoG10CMxtpBh,anger,anger,-0.4733,0.7939,1.0
KxHaSWSpTlEGc,anger,anger,-0.1461,0.7398,0.9999
PR3585ZZSvcHO9pa76,anger,anger,-0.2097,0.7251,1.0
3owzW9EZI8M3sz9s5O,anger,anger,-0.4604,0.775,1.0
nZvxbksUffPUI,neutral,neutral,0.1804,0.5705,1.0
w9t0aFMjahdxpKKvzN,anger,anger,-0.4005,0.7023,1.0
fUYhyT9IjftxrxJXcE,happy,happy,0.3273,0.698,1.0
i7pUjIo4rVPQQ,fear,fear,-0.318,0.7336,1.0
TgJ0KKEY8HByASy6Jt,neutral,neutral,-0.0193,0.4664,1.0
10uEX5kfeodYgo,anger,anger,0.0409,0.7344,0.9991
Yo8xV9wS8tPoAWSlhT,anger,anger,-0.3092,0.7679,1.0
OQORmsNpzwqlO,happy,happy,-0.0094,0.6886,0.9988
2dqNrc8eybPRUfCU29,neutral,neutral,-0.1944,0.623,0.9998
lU6zbuZiApGEM,fear,fear,-0.4477,0.7436,1.0
FjOsaw9z4BhrW,anger,anger,-0.4283,0.7706,1.0
ete9HLBYGmXIY,anger,anger,-0.3562,0.701,1.0
Jpex5IvA7PAaP8HMgT,anger,anger,-0.3876,0.6802,1.0
DQ100zzcakfBe,anger,anger,-0.4998,0.7959,1.0
vRf4Z1OZ21j9e,anger,anger,-0.3498,0.7238,1.0
iMI5i24J3VabkNeGwC,anger,anger,-0.4044,0.6702,1.0
l0HUbtILos6CdAtxu,anger,anger,-0.4982,0.7902,1.0
I3wsrN9ndx11m,anger,anger,-0.4448,0.7171,1.0
NRtZEyZjbLgr0BJ4B8,neutral,neutral,0.0029,0.4693,0.9999
3ohjUZAsC6EgyZV6cU,fear,fear,-0.4291,0.8258,1.0
xUOxeZn47mrdabqDNC,anger,anger,-0.4522,0.7221,1.0
l2Je5nuH2mRfdvEFW,anger,anger,-0.3027,0.6532,1.0
PBYXorv5BZze8,anger,anger,-0.1244,0.7579,1.0
PmpojRrxEPLQt4YYar,anger,anger,-0.4057,0.7647,1.0
fqu8dnXGXkvio,neutral,neutral,-0.0512,0.4983,0.9998
jV65cP2S4mphrQfJkk,fear,fear,-0.2156,0.6663,1.0
l0HFj4LrJZBkjXvsA,anger,anger,-0.3898,0.7244,1.0
l378bu6ZYmzS6nBrW,happy,happy,0.4071,0.6641,1.0
8gQR12M5d4kPMRYoC1,anger,anger,-0.3569,0.7312,1.0
aK4zVIHVPc1TW,anger,anger,-0.4186,0.7165,1.0
c5jo3Avdlis6Y,anger,anger,-0.5041,0.7965,1.0
llCtQhhXcuCmxhsB2y,anger,anger,-0.4769,0.6304,1.0
bJDl7wyNH6eVq,happy,happy,0.1589,0.6958,1.0
RQxQ0cvbW2jjG,anger,anger,-0.2506,0.7091,1.0
9detkWt4jBdhVm0UCk,anger,anger,-0.5019,0.793,1.0
9rjzS2QYAk1paKD7uk,fear,fear,-0.3672,0.6886,1.0
5nh8FKSRtxFEyuajGc,fear,fear,-0.2146,0.7371,1.0
cQlebt2qxxXyg,happy,happy,0.5068,0.7299,0.9987
kDIhIpwRRIi3K,anger,anger,-0.2413,0.7418,1.0
mXakDXUF63bK8,anger,anger,-0.2723,0.6152,1.0
G3yZQxmuw3PgI,anger,anger,-0.2773,0.6571,1.0
DrcqyC7RW0Dyu798GJ,anger,anger,-0.4297,0.7478,1.0
kolvlRnXh8Jj2,happy,happy,0.072,0.7144,0.9999
htiVRuP7N0XK,anger,anger,-0.2215,0.631,1.0
12ey1CgA3uTqfK,anger,anger,-0.2635,0.6243,1.0
xUA7aT1vNqVWHPY1cA,happy,happy,0.0883,0.7335,0.9993
l1J3sQY4zwxtvZpoA,anger,anger,-0.4769,0.7542,1.0
ahZZZZFGLGhvq,anger,anger,-0.431,0.7484,1.0
xT9Igk6pl01yVK0FHO,fear,fear,-0.4344,0.7765,1.0
3o6ozGTbQSAs2s0CAM,anger,anger,-0.1369,0.7503,0.9999
Ogxe3jSdivKbm,anger,anger,-0.4587,0.686,1.0
11RwocOdukxqN2,anger,anger,-0.1551,0.7728,1.0
abCS0ETzcWMRq,anger,anger,-0.4758,0.7539,0.9997
uxnX0bE2cuKHqQPcb6,anger,anger,-0.2814,0.6777,1.0
xT39Db8zIOODTppk08,anger,anger,-0.1701,0.6469,1.0
l2Sq8h4OKFoFKQW64,anger,anger,-0.4604,0.642,1.0
yE3P1gj3qLMbe,anger,anger,-0.4289,0.7409,1.0
WRuseq8QlQbyyYTqru,anger,anger,-0.4495,0.7793,1.0
10Vz8I1AHa0qVa,anger,anger,-0.4908,0.7883,1.0
Gxk0jI06myhpu,happy,happy,0.4526,0.691,1.0
KB7Moe2Oj0BXeDjvDp,happy,happy,0.438,0.7068,0.9997
z8XtwKGIRQSBCmU4sW,happy,happy,0.5335,0.7342,1.0
WcpaItX5JHYkw,anger,anger,-0.5048,0.7932,1.0
B77Yj3aZYZjmE,neutral,neutral,0.0404,0.5093,1.0
26BRLS1u3tFhG8ZBm,happy,happy,0.5123,0.6777,1.0
cGhL5tGgqQHOEStCRx,anger,anger,-0.1995,0.6469,1.0
t9lBEE2FGMzbY9s5IX,anger,anger,-0.3593,0.6967,1.0
l0IypeKl9NJhPFMrK,anger,anger,-0.3458,0.6944,1.0
js1VWeWPuESe4,sad,sad,-0.6156,0.3872,1.0
Hq4ptrrJaTvwY,fear,fear,-0.4567,0.8286,1.0
OhQBBFi64Z81a,anger,anger,-0.4652,0.8035,1.0
njYrp176NQsHS,anger,anger,-0.442,0.7104,1.0
fLcfGLzj4aeaMIqbex,anger,anger,-0.5017,0.7941,1.0
IZY2SE2JmPgFG,anger,anger,-0.3206,0.6835,1.0
S24vAZeES2INy,anger,anger,-0.2847,0.736,0.9997
14uzPzKMOuVIPu,fear,fear,-0.1925,0.7704,1.0
jqfel7Z3XwTHCl26nT,fear,fear,-0.3415,0.7294,1.0
xT1R9SzWO4u7a2Y5BS,happy,happy,0.5888,0.74,1.0
xUA7aTaAgUK1qcv1WE,neutral,neutral,-0.199,0.5864,0.9999
fDbzXb6Cv5L56,anger,anger,-0.3806,0.6096,1.0
uUs14eCA2SBgs,happy,happy,0.3795,0.6168,0.9999
dVuaiKbihwlS8,happy,happy,0.2777,0.7061,0.9991
bTvhbCKq0IPMXFFHFS,anger,anger,-0.4917,0.7883,1.0
10A06pOVcpo6hW,fear,fear,-0.3555,0.7371,1.0
9Rp27Gpwjx1n2,anger,anger,-0.417,0.7636,0.9999
EJMyMO22UxP68,anger,anger,-0.1301,0.6752,1.0
B6cnNTU51ur2o,anger,anger,-0.5003,0.7947,1.0
tkApIfibjeWt1ufWwj,surprise,surprise,0.1082,0.8363,1.0
ddHhhUBn25cuQ,anger,anger,-0.4565,0.7893,1.0
gd09Y2Ptu7gsiPVUrv,anger,anger,-0.2641,0.6935,1.0
1LnQKc4eh8BP2,anger,anger,-0.4439,0.7418,1.0
PbJww5CaYj4Fq,anger,anger,-0.4819,0.7283,1.0
54Z5yRMdCB2og,happy,happy,0.4228,0.6672,1.0
SN3PAyDegsXRu,happy,happy,0.4672,0.6468,1.0
3o7Z4tNIWOQWTlfGN2,neutral,neutral,-0.2069,0.5745,1.0
Fo1cy8mqGDvbjpJBB7,happy,happy,0.3084,0.7175,1.0
YKSxfddY4MkCKKQPmh,anger,anger,-0.4944,0.7844,1.0
ypHEH8VjThGPS,anger,anger,-0.4449,0.7355,1.0
rNuFu17JzbWaQ,fear,fear,-0.2753,0.7898,1.0
s9y2gNNce6orC,anger,anger,-0.494,0.7783,1.0
Ywxt9v39rUpmU,happy,happy,0.145,0.7034,0.9984
l46Cx2dkVXaoPibtK,neutral,neutral,-0.0332,0.4773,1.0
OqAeQrGmU7lS6tENnQ,anger,anger,-0.4898,0.7776,1.0
95K6M3F5EJ80D6EZxf,anger,anger,-0.2812,0.7058,0.9992
W5UcNPQWL86SyZMoTD,anger,anger,-0.5025,0.798,1.0
MiEhS8S20SQUg,happy,happy,0.4965,0.6747,0.9996
xT5LMz1fARkO1JhWyQ,fear,fear,-0.1602,0.6876,1.0
cEYFeDYAEZ974cOS8CY,neutral,neutral,-0.176,0.555,0.993
1316DjuqE8NRba,anger,anger,-0.3847,0.7796,1.0
ltIFdjNAasOwVvKhvx,happy,happy,0.4346,0.6757,0.9999
Aausss8uUBIe3bZ3d2,neutral,neutral,-0.1533,0.5309,1.0
11JC04VwONq1uU,happy,happy,0.4729,0.705,0.9996
Cj3Ce7e8h2EKY,happy,happy,0.2977,0.6232,0.9999
h5dAhc6lysWT3vFIOT,fear,fear,-0.3128,0.743,1.0
3og0IMX5YAly56Zo3e,anger,anger,-0.5021,0.6712,1.0
7SZwo1ZVPfCGiFEGRx,neutral,neutral,-0.0226,0.4781,0.9999
3o7TKr3nzbh5WgCFxe,anger,anger,-0.4204,0.6002,1.0
3o6MbnqLhX5tJ5wNQQ,anger,anger,-0.4956,0.7859,1.0
iIRXdJchgM4NYYt0LY,neutral,neutral,0.0417,0.4981,1.0
yV5xcSTmtVPBS,anger,anger,-0.4294,0.702,1.0
l3V0wkQ2KKcAeW8Cs,happy,happy,0.1973,0.7667,1.0
26FL0cEXTLaou845q,happy,happy,0.6492,0.7231,1.0
26FLdmIp6wJr91JAI,happy,happy,0.4969,0.685,0.9995
lKXEBR8m1jWso,anger,anger,-0.4535,0.7259,1.0
3o6vXPqTWMZiGc2GVq,anger,anger,-0.4874,0.7876,1.0
9Y5BbDSkSTiY8,sad,sad,-0.5474,0.4918,1.0
sBGw5MruxAyiI,anger,anger,-0.3246,0.6565,1.0
QmR9tKykDLXUGSJmfU,anger,anger,-0.419,0.7594,1.0
TT7JW4Qm7uaNW,anger,anger,-0.4916,0.7502,1.0
EdFu9m8ckGO3e,neutral,neutral,0.2828,0.6032,0.9999
rOsebqhlfCRby,anger,anger,-0.3851,0.695,1.0
l1J9NRpOeS7i54xnW,anger,anger,-0.3302,0.6724,1.0
1XYC52rwtqDja,anger,anger,-0.4649,0.7641,1.0
mG2VJTfGpaUBlCuQFE,anger,anger,-0.2841,0.655,1.0
l3Ucfk8zqn7NAjLLq,anger,anger,-0.4195,0.7307,1.0
fukS8yBmpvGGk,neutral,neutral,-0.0876,0.5244,0.9994
1Ygkk70ho1h6YrK6oC,anger,anger,-0.4184,0.7529,1.0
BYoRqTmcgzHcL9TCy1,happy,happy,0.4871,0.6984,1.0
KBJTi1lxDGrfPsl8Hf,neutral,neutral,0.072,0.5152,0.9992
NgLM8pecbMJvq,neutral,neutral,-0.0325,0.5329,0.9999
sfvVcEvsC6BoI,anger,anger,-0.1261,0.7337,1.0
oOi0uJV5k9pSWtByI4,neutral,neutral,-0.0107,0.5367,1.0
W9lzJDwciz6bS,anger,anger,-0.3809,0.7074,1.0
HfFccPJv7a9k4,neutral,neutral,-0.0067,0.4971,0.9999
B5BfWWr1UnVrG,fear,fear,-0.1933,0.7448,1.0
S9i8jJxTvAKVHVMvvW,surprise,surprise,0.1318,0.8345,1.0
3ov9jLsBqPh6rjuHuM,anger,anger,-0.4512,0.6988,1.0
smGpsxCQzXwDS,neutral,neutral,-0.0682,0.5003,0.9986
aYWLkNVKDLB1S,neutral,neutral,-0.0276,0.4732,1.0
l1BgRIamescnkx5Dy,anger,anger,-0.5074,0.7849,1.0
lpGThownBdG6LOZxM8,fear,fear,-0.412,0.8186,1.0
ji6zzUZwNIuLS,anger,anger,-0.3829,0.6783,1.0
3uBMPwDSVpR1C,happy,happy,0.2405,0.6474,0.9995
XUPfV5YBLqyTJWnMVD,happy,happy,0.4582,0.7208,0.9987
T2bDC7TBZfdJAqNCSh,anger,anger,-0.4427,0.7527,1.0
3o7TKqnN349PBUtGFO,surprise,surprise,-0.0378,0.8232,1.0
U4DswrBiaz0p67ZweH,anger,anger,-0.1919,0.7107,1.0
8Q31McooUHTNu,anger,anger,-0.4686,0.7426,1.0
3o7btYLAW7doynq3p6,sad,sad,-0.5924,0.4283,1.0
l3q2t2KAyvxy9xBe0,neutral,neutral,0.0513,0.5184,0.9994
hZE5xoaM0Oxw4xiqH7,neutral,neutral,-0.0253,0.4673,1.0
l41YlaRerwUOcUOLm,anger,anger,-0.4343,0.7456,1.0
WsG9rqt4UMwFReb82u,anger,anger,-0.3737,0.759,1.0
Lcn0yF1RcLANG,surprise,surprise,-0.2445,0.7093,1.0
l0HlFZ3c4NENSLQRi,surprise,surprise,0.127,0.7204,0.999
cEfIIUkLVUZfngrIgv,anger,anger,-0.422,0.7618,1.0
zh24EZOw0CNTq,fear,fear,-0.2833,0.8288,0.9999
OHMkK8zl9fvSU,fear,fear,-0.3844,0.8001,1.0
QWjFSsvUPCUncq6ItU,anger,anger,-0.3624,0.5923,1.0
131JBvo8iAEFYk,anger,anger,-0.4928,0.784,1.0
7qeN7K5VlnMTS,fear,fear,-0.2177,0.7201,1.0
DfbpTbQ9TvSX6,sad,sad,-0.4805,0.543,1.0
QlL2K0TVgpWBZbsztp,anger,anger,-0.422,0.7522,1.0
1ziiQ8TVfLgeGWUOFx,neutral,neutral,-0.0016,0.5264,0.9986
lDifyB9R0iqWoDZoIT,fear,fear,-0.4672,0.7657,1.0
fS5I4hHyFTu3HnqiZs,neutral,neutral,-0.0545,0.4914,1.0
YzvPqrOVoS9tC,happy,happy,0.5318,0.7249,1.0
GwG5WOjlnNUMdF3tdD,anger,anger,-0.4685,0.7367,0.9999
3ohs7PrePDURxvHm80,anger,anger,-0.2891,0.6429,1.0
3og0IPizf4zPR6VMt2,anger,anger,-0.4641,0.7868,1.0
119HtgTy0cDjK8,fear,fear,-0.4539,0.7588,1.0
jQS9YkJXofyeI,anger,anger,-0.3679,0.6909,1.0
h1QI7dgjZUJO60nu2X,neutral,neutral,0.0236,0.4934,0.9968
MyvY6m13PHOfabwWnE,fear,fear,-0.2265,0.736,1.0
9AiXzec3fsUXC,happy,happy,0.3348,0.7204,0.9999
V3G6IN0CeKItq,anger,anger,-0.4373,0.7497,1.0
Bn6GYND33DsW9ANwwC,neutral,neutral,-0.0415,0.484,0.9999
TPl5N4Ci49ZQY,anger,anger,-0.4535,0.7259,1.0
Ymywwi0yXZxqsfRFMz,anger,anger,-0.4841,0.7834,1.0
Lbr9CWE47LaM74WzcE,anger,anger,-0.4621,0.7755,1.0
NIkQkfoX23gXjoMicQ,anger,anger,-0.2724,0.6983,1.0
U8l7O5BAmyHCdCcSeP,neutral,neutral,-0.0075,0.4869,1.0
lT4sgCJwC7B4c,surprise,surprise,-0.1611,0.8023,1.0
yEZjzglgjrMUo,neutral,neutral,-0.0377,0.5376,0.9999
dbd6jN0Atb9i8,anger,anger,-0.2864,0.7049,1.0
xT5LMDYj4kvKNlGDHq,fear,fear,-0.3532,0.8388,1.0
l5Dh6boITiHi4vAWMZ,anger,anger,-0.4508,0.7615,1.0
7SF5scGB2AFrgsXP63,sad,sad,-0.6192,0.3888,1.0
2EgQKF2RhgAIJNoICx,anger,anger,-0.4903,0.7942,1.0
4EESDe2IckKldhxFsu,fear,fear,-0.3148,0.7093,1.0
9gGi02YPpLo2ueSxvh,anger,anger,-0.4408,0.733,1.0
eUDhD5XFBw0r6,anger,anger,-0.3636,0.6939,1.0
qiDb8McXyj6Eg,anger,anger,-0.4684,0.6993,1.0
5kF1QQlD6tKobjO5lw,fear,fear,-0.3431,0.8225,1.0
ce280BjADCmsfgps4t,happy,happy,0.1955,0.6759,0.9999
l2YWxte7sJB2XuE8M,anger,anger,-0.3739,0.7378,1.0
qQdL532ZANbjy,sad,sad,-0.5719,0.3945,1.0
3XlEk2RxPS1m8,anger,anger,-0.3605,0.7221,1.0
CZedlPSpZ6hKo,neutral,neutral,-0.0352,0.4862,0.9999
S7jKEqmTbee7S,anger,anger,-0.1112,0.6493,1.0
26vUIi0bwQwD1wJpe,anger,anger,-0.4908,0.7887,1.0
3o6nUNqTH1lZPqsOti,neutral,neutral,-0.0321,0.4735,1.0
K9122Rp8lIa4M,fear,fear,-0.3628,0.7941,1.0
6ozwFj8FgXGAo,fear,fear,-0.3804,0.6407,1.0
haEpZ7eLjtZM4,anger,anger,-0.4482,0.7513,1.0
u894TSir9IeymcxEv6,fear,fear,-0.4405,0.8386,1.0
FWcoE5AkG3BRe,anger,anger,-0.1339,0.7188,1.0
JOXHRcd3Llz5m,neutral,neutral,0.1577,0.5529,0.9997
3ohjVbpTEgGyAlv0M8,sad,sad,-0.4656,0.5056,0.9994
kj41Ti8GLVs1STX0bH,anger,anger,-0.2955,0.7511,1.0
l0ErRtQDgjMtQcjsI,fear,fear,-0.2233,0.7818,1.0
sZgryGTcxRwk0,neutral,neutral,-0.127,0.5239,0.9998
b4AjPjkgOEfXq,happy,happy,0.3037,0.7012,0.9998
3kHz1oN8NfxJJgVgvL,anger,anger,-0.3269,0.6499,1.0
sR2YaENch4sog,anger,anger,-0.5006,0.7945,1.0
yy2kLh9qWApY9D48cc,fear,fear,-0.2916,0.7708,0.9998
e2QYPpUe8WmpG,happy,happy,0.4674,0.6898,0.9998
l2YWf0spzBzXQOxRm,anger,anger,-0.4067,0.7176,1.0
zQhFEBrX6plKg,anger,anger,-0.3021,0.6551,1.0
13pZQovIZ83rCo,neutral,neutral,-0.1114,0.5371,1.0
3JP8XDbLr9FVEq66Xe,happy,happy,0.3981,0.622,1.0
26FKT1K97Wuiddros,neutral,neutral,-0.0901,0.4892,0.9998
3o7qDLwhxkGTMvDHws,anger,anger,-0.477,0.7963,1.0
LOoaJ2lbqmduxOaZpS,anger,anger,-0.4755,0.7391,1.0
10h8CdMQUWoZ8Y,anger,anger,-0.4429,0.7731,1.0
126Atuf8ZpQsQE,anger,anger,-0.5055,0.7942,1.0
109om8H9KSWnNS,anger,anger,-0.3423,0.6834,1.0
PFharpdNvaPZK,fear,fear,-0.5042,0.675,1.0
26DN5pBQzhqgAufPq,surprise,surprise,-0.1917,0.7877,1.0
xTiIzLmsjbQmmkRYrK,fear,fear,-0.3242,0.8036,1.0
eK0KmfDFJWcwkmFBBT,anger,anger,-0.477,0.7673,1.0
dhCx7EyeGYD7O,neutral,neutral,-0.026,0.505,0.9995
AAsj7jdrHjtp6,anger,anger,-0.4667,0.7367,1.0
3ohhweiVB36rAlqVCE,anger,anger,-0.3818,0.7426,1.0
3oz8xHu6yNmd7T3QqI,anger,anger,-0.4238,0.7565,1.0
3cXmze4Y8igXdnkc3U,surprise,surprise,-0.1231,0.8039,1.0
2uI9paIuAWgaqfyX0Q,happy,happy,0.527,0.7064,0.9999
UqpjszfpiOiLA0L5le,happy,happy,0.4753,0.6638,1.0
l41Yh7LsJNvVWFPfq,anger,anger,-0.4383,0.7511,0.9999
pkKfX8NzvSW88,fear,fear,-0.296,0.7428,1.0
ul1omlrGG6kpO,anger,anger,-0.4379,0.7823,1.0
w87yLYL7lwDWE,neutral,neutral,-0.0729,0.4987,1.0
l4FB8FfpphPmxdTkA,anger,anger,-0.4409,0.7277,1.0
jwKpxz0uGrqcTjDKvs,happy,happy,0.5831,0.724,1.0
q55zFbF4pNNF6,anger,anger,-0.4677,0.7753,1.0
yBwgX64KAPrHW2ltZ2,anger,anger,-0.174,0.6947,1.0
PApKgKr6r20mc,neutral,neutral,-0.0352,0.4862,0.9999
H7SaUQ5vEbocJqYZKO,neutral,neutral,-0.0264,0.4782,1.0
VBEcrU5TulSve,anger,anger,-0.346,0.7663,1.0
3oEjI80DSa1grNPTDq,sad,sad,-0.5327,0.4418,1.0
WX5rDVbgWytCy8yyLf,anger,anger,-0.4769,0.7962,1.0
IhJOltC96n08YK66c9,anger,anger,-0.1856,0.7754,1.0
P9sGDIowyf7PYyymmn,anger,anger,-0.4744,0.7782,1.0
q0eh4TU8OMXRu,anger,anger,-0.0019,0.7085,1.0
j3KXqE52HwpQcatFj5,neutral,neutral,-0.0226,0.4734,1.0
kUcWTx2XSKEfK,happy,happy,0.0084,0.6968,0.9992
l0HU5bbgdW6qzJsmQ,anger,anger,-0.2987,0.6527,1.0
AmRBGkss5kBCcney1T,neutral,neutral,-0.1376,0.6284,0.9999
ZcnwOpPTw9Ucw,anger,anger,-0.4871,0.7744,1.0
C7m2Edp9BhrAE84Vje,happy,happy,0.5892,0.7103,0.9998
PCFK39ruKPdnc4Km4h,anger,anger,-0.479,0.8142,1.0
Q8IYWnnogTYM5T6Yo0,happy,happy,0.5124,0.722,1.0
pReb5Koy6JmihUYBLx,anger,anger,-0.4237,0.7236,1.0
lPMSxygwKx7dOuEoGZ,anger,anger,-0.3619,0.6693,1.0
tFYTaBkanq2pa,anger,anger,-0.4298,0.7952,1.0
VIVWFx6c91AAwWLwWB,happy,happy,0.5337,0.6988,1.0
26gsvAm8UPaczzXz2,neutral,neutral,0.0546,0.4826,1.0
Emg9qPKR5hquI,anger,anger,-0.4687,0.7545,1.0
JJ0f57S94Ujyo,anger,anger,-0.4925,0.7917,1.0
iJxHzcuNcCJXi,anger,anger,-0.4684,0.6993,1.0
l2JdXy8xasypvE0Ni,happy,happy,0.2949,0.7326,0.9999
QGzPdYCcBbbZm,anger,anger,-0.4014,0.7087,1.0
XEZZliwJmGg6otzKK1,neutral,neutral,-0.0642,0.5007,0.9987
1k5k3J5K3BywQOrpNA,anger,anger,-0.4409,0.7632,1.0
QAtLRc6EvY7YgchGKn,anger,anger,-0.4075,0.6598,1.0
72jgpwUQrTGN2,anger,anger,-0.4893,0.7623,1.0
eNprfp8IfUOrPYcPiB,anger,anger,-0.5006,0.7144,1.0
xTiTnmmUhZDfr0SQZW,anger,anger,-0.0162,0.7357,1.0
3o6MbiSw5FlIPCHhDy,fear,fear,-0.4284,0.8523,1.0
104ueR8J1OPM2s,neutral,neutral,-0.006,0.6586,0.9999
S4AnOkBwfcb4GyDzK7,anger,anger,-0.0522,0.7008,1.0
3o7TKUM3IgJBX2as9O,anger,anger,-0.4148,0.697,0.9988
l3vRi0fRZTl1J2SfC,anger,anger,-0.3838,0.7164,0.9999
jUJpQBEHrEgddMgTZv,anger,anger,-0.4068,0.7256,1.0
l4pTosVr0iHCJ11hm,neutral,neutral,0.0144,0.5258,0.9991
hrnYspWWhsIyA,anger,anger,-0.4985,0.7887,1.0
l2Je7TZr0eLeciOoU,anger,anger,-0.2931,0.6639,1.0
5WmyaeDDlmb1m,sad,sad,-0.5565,0.533,1.0
BouwBuyFhQwlQYBvmG,neutral,neutral,0.1263,0.5206,0.9998
BpX6RB6YFcx7q,anger,anger,-0.4122,0.7596,1.0
JrLwOBH23PUPlmhTbz,anger,anger,-0.2763,0.6552,1.0
93jGp8tRQHzgfenWWG,anger,anger,-0.4271,0.7144,0.9998
3ndAvMC5LFPNMCzq7m,happy,happy,0.5925,0.6937,1.0
3oeSB36G9Au4V0xUhG,happy,happy,0.2614,0.6206,0.9998
WP2MUeauAM3sLbOQyQ,neutral,neutral,0.0776,0.4999,0.9999
3o6MbtWBa5aIdPMneM,fear,fear,-0.4302,0.8526,1.0
xT9IgvthjO6xWlGF1u,fear,fear,-0.1368,0.7337,0.9998
v0eSTlR8GEWJi,anger,anger,-0.4878,0.8035,1.0
oB1vWgGPNDmYE,anger,anger,-0.4407,0.7777,1.0
mCsoBwnIyB5PSYwsAo,anger,anger,-0.4486,0.784,1.0
UqZ4imFIoljlr5O2sM,anger,anger,-0.1293,0.7254,0.9997
I5yH9Aeq0EGCA,fear,fear,-0.179,0.7029,1.0
WqQhaYyeQ92zgTmRlY,happy,happy,0.6131,0.7162,0.9996
Swx36wwSsU49HAnIhC,neutral,neutral,-0.0705,0.4826,1.0
3orif6k2D1EEzyMmPe,anger,anger,-0.5024,0.7915,1.0
2cpPfXUit2JSU,neutral,neutral,-0.0628,0.5103,1.0
yCdmeyPCU2b1C,anger,anger,-0.483,0.7442,1.0
dVdIu1HNxeKyqzkgPA,anger,anger,-0.1055,0.736,1.0
iDJuQR0UmiqOI,surprise,surprise,0.1941,0.7099,1.0
xUA7aUXRzYcFJ6Jw3K,happy,happy,0.2923,0.6206,1.0
f4DGnGf6xwFonJUI0D,neutral,neutral,-0.0153,0.4709,1.0
fXeRGki5DiU5G,anger,anger,-0.4493,0.7363,1.0
QBROLbjFoQwPsbWw2R,happy,happy,0.3225,0.6544,0.9999
APqEbxBsVlkWSuFpth,anger,anger,-0.3446,0.6669,1.0
Ch1zCx8tu6DQY,anger,anger,-0.4319,0.7356,1.0
GRF4gJYMQmdUI,fear,fear,-0.4218,0.8475,1.0
UO2FqRJkan6bm,anger,anger,-0.3594,0.6611,1.0
hPPx8yk3Bmqys,anger,anger,-0.387,0.6786,1.0
hpLVo93aOrne3JmiOe,happy,happy,0.3743,0.6246,0.9999
mFBIHvRrntt2JJLkrp,happy,happy,0.1144,0.6405,0.9997
wkHNGECdJV9ks,anger,anger,-0.4984,0.79,1.0
1zgOyLCRxCmV5G3GFZ,anger,anger,-0.387,0.6986,1.0
QvwCVnX9DWdlHCnix5,anger,anger,-0.283,0.6344,1.0
VTxmwaCEwSlZm,anger,anger,-0.1347,0.7055,0.9998
LTYT5GTIiAMBa,anger,anger,-0.5137,0.7359,0.9999
26tkmyR14UIPJJOG4,anger,anger,-0.3874,0.7293,1.0
3oEjHRfTZ5JDDX05fW,anger,anger,-0.4299,0.7269,1.0
EouEzI5bBR8uk,anger,anger,-0.4178,0.6143,1.0
Ph5ELYJov9n5oHzVHZ,anger,anger,-0.3854,0.7564,1.0
21GCae4djDWtP5soiY,happy,happy,0.4834,0.7238,1.0
xUA7beIl1TsbKOgf0A,anger,anger,-0.309,0.6813,1.0
J1djusiGZ4ek0,anger,anger,-0.4448,0.7495,1.0
FBzqZGthkW6KQ,anger,anger,-0.1914,0.7073,1.0
QEYYlJqOaEhXrjTrOH,happy,happy,0.4692,0.6517,1.0
uVR1p77lDFyvwJNl77,anger,anger,-0.3836,0.6899,1.0
jZAwc1FZ4TednLkWwu,neutral,neutral,-0.0248,0.4787,1.0
kHmVOy84g8G6my09fu,happy,happy,0.6647,0.7382,0.9995
rh3jgdEg5lnbhWN0Sb,fear,fear,-0.4591,0.826,1.0
ra3uQxvxo6aKAN42Le,neutral,neutral,-0.2174,0.5019,1.0
2RLneSY36cIvK,anger,anger,-0.2895,0.7016,1.0
8abAbOrQ9rvLG,anger,anger,-0.4898,0.7855,1.0
UMUZgoNFcWTgQ,anger,anger,-0.4418,0.7737,1.0
3osxYrgM8gi9CDjcPu,anger,anger,-0.4972,0.7778,1.0
LfGGW219qNzLP6IzTA,surprise,surprise,-0.1399,0.6768,1.0
Zy8PKEUTgpW5kn3Hro,anger,anger,-0.3002,0.6868,1.0
l2JeiapYMhPdGXKRa,anger,anger,-0.1164,0.6757,1.0
rj12FejFUysTK,anger,anger,-0.4084,0.7334,1.0
l3970BECiUweOrOnu,neutral,neutral,0.113,0.5063,0.9994
sCDRs1PYWhv6U,fear,fear,-0.3888,0.8456,1.0
yj5UdA4elp8Wc,anger,anger,-0.4437,0.7324,1.0
THsFW222epAJgS4DEM,anger,anger,-0.3963,0.6494,1.0
NMEM8c3x5eC3K,anger,anger,-0.165,0.6189,0.9997
TfdLqA4TsaNoQcyUgk,anger,anger,-0.4585,0.7697,1.0
YO7P8VC7nlQlO,anger,anger,-0.3804,0.7261,1.0
eoK5GIUKwf0tO,fear,fear,-0.3004,0.7602,0.9999
hJ8ISu3zLrHws,anger,anger,-0.4995,0.6429,1.0
uLlFhMKbxgMzm,happy,happy,0.5131,0.7166,0.9998
eBgE4z0u02raxuyUlc,anger,anger,-0.4339,0.7884,1.0
oXCoG04rCxSSs,sad,sad,-0.5443,0.4246,0.9999
RKJFT4mi3o6xW,anger,anger,-0.5326,0.6477,1.0
9rU2rP52gAJEY,anger,anger,-0.4096,0.7594,1.0
95ZYXmOCd9BBK,surprise,surprise,-0.0919,0.8373,1.0
lvAAnpkilO6J2,fear,fear,-0.4623,0.6994,1.0
rIa2LxrCKxMz3oOEtH,anger,anger,-0.4447,0.7831,1.0
likpk3Ek9ycFtade8,fear,fear,-0.3272,0.7737,1.0
l1J9CiCufdrL0JRlu,anger,anger,-0.4025,0.724,1.0
yQUi2PcNBM97NUdYV1,anger,anger,-0.3539,0.6798,1.0
CMXlLAb9onaLe,anger,anger,-0.4134,0.7396,1.0
0lIezs3DUujL3pdMzg,anger,anger,-0.4887,0.7939,1.0
KvjwBg3khErEqoqKwF,happy,happy,0.4156,0.6287,0.9999
13DrdRI2JqdoLC,anger,anger,-0.088,0.7332,0.9999
bfrlODgSLqXxS,neutral,neutral,-0.0507,0.48,1.0
l3mOYRErazETFbX64e,fear,fear,-0.178,0.7176,0.9999
mxQUQbIjXMSwo,anger,anger,-0.497,0.7917,1.0
l3fzT5zFwWu4qaMwM,anger,anger,-0.4986,0.7959,1.0
s4Q3geM5T1XCo,fear,fear,-0.3951,0.6652,1.0
RgfGmnVvt8Pfy,anger,anger,-0.2586,0.7017,1.0
W30fUtuR7aFxuQotfV,fear,fear,-0.3285,0.7782,1.0
AqpK7kiHuXApW,fear,fear,-0.4016,0.7264,1.0
26BRsI63ak8uxsU6Y,anger,anger,-0.448,0.7842,1.0
57IQRWq3eidi0,anger,anger,-0.5385,0.6685,1.0
AnXBiWSsDndBu,anger,anger,-0.4493,0.7389,1.0
9crS20QUA6AdW,neutral,neutral,0.0014,0.6105,1.0
e1BxgoFxAOmbK,happy,happy,0.2113,0.7289,0.9994
xT8qBvH1pAhtfSx52U,sad,sad,-0.1935,0.6091,0.9999
tn0NYX7dJkM3iiztID,fear,fear,-0.3815,0.7453,1.0
qGFKMntShELTy,anger,anger,-0.1483,0.721,0.9997
zk0zTXQY5ukCs,anger,anger,-0.411,0.6139,1.0
l41lSR9xZubfd2Qve,fear,fear,-0.2506,0.707,0.9986
artj92V8o75VPL7AeQ,happy,happy,0.4958,0.7188,0.9999
ls49JzXtumTZDmvgYX,anger,anger,-0.3358,0.6011,1.0
RX3vhj311HKLe,anger,anger,-0.2323,0.6172,1.0
6aAympRF0nU52,neutral,neutral,0.0109,0.5732,1.0
JqEB4KkitGwhPRtC7G,anger,anger,-0.2817,0.6446,1.0
119pLwyWg8ScTK,happy,happy,0.4628,0.701,0.9997
Kerg053G7ZJUQ,anger,anger,-0.4533,0.7575,1.0
TmT51OyQLFD7a,fear,fear,-0.0969,0.7307,0.9997
ChMy4X2DkiLTy,anger,anger,-0.1931,0.6708,0.9996
3o6ozBHlv63ZvZWD28,anger,anger,-0.499,0.7984,1.0
ngBu7pEudTTSU,happy,happy,0.1343,0.6769,0.9998
w0mylo7p4OXUQ,happy,happy,0.4957,0.6893,0.9993
rTIXh5JftLoic,anger,anger,-0.2636,0.6876,1.0
z6HfcxhWSYF1u,anger,anger,-0.2619,0.7283,1.0
H4o0KLMLxlijK7GE8R,happy,happy,0.2306,0.655,1.0
2Xflxzwcpn1eYI03dXq,anger,anger,-0.4647,0.7447,1.0
5xtDarE6xDVfXhudrVK,anger,anger,-0.4961,0.7889,1.0
1RzxeL2PuHYD1pw32i,surprise,surprise,-0.0174,0.7893,1.0
dut5x9NGlzl2Lj9y4d,happy,happy,0.1065,0.7401,0.9998
kfd19XS70QrTQmsw7k,happy,happy,0.6501,0.7299,1.0
lFZKK1pINTGA8,anger,anger,-0.4388,0.7918,1.0
xr9AQyxLtjlx4IeYtN,anger,anger,-0.428,0.7793,1.0
c6DIpCp1922KQ,anger,anger,-0.3922,0.6247,1.0
8UGoPsk9dSkkcQrzT0,fear,fear,-0.3354,0.7488,1.0
Cpb14Pm9exj1UizL5u,anger,anger,-0.4275,0.7651,1.0
ADkxiZJRv89bhLLppW,neutral,neutral,-0.0718,0.4955,1.0
L1K3G4dQK2OPzeCUjW,anger,anger,-0.4443,0.7336,1.0
NLxsMFuJeKCCWzhMue,anger,anger,-0.3573,0.7,1.0
Fv1vjwfOuWc695CYnb,anger,anger,-0.4603,0.7859,1.0
X92pmIty2ZJp6,fear,fear,-0.2447,0.7237,1.0
OCqNtfK51QcsU,happy,happy,0.3866,0.6583,0.9995
xUPGcm3irC17U1FgMo,anger,anger,-0.4973,0.7845,1.0
l0Iy5RLk94fLqaSRy,anger,anger,-0.2616,0.6456,1.0
ZMfZxtLruYiSaJn9vd,anger,anger,-0.2,0.8081,1.0
iDCLcl7D81aYgLLqyc,happy,happy,0.5701,0.6743,1.0
6KoZJly4uLqMg,neutral,neutral,0.0152,0.4789,1.0
4R0iq1atvI2RO,neutral,neutral,0.0938,0.5317,1.0
8N2tPBkltBYY0,fear,fear,-0.3843,0.8097,1.0
XV74ZvGRXcZdS,anger,anger,-0.4997,0.7412,1.0
l1J9u3TZfpmeDLkD6,anger,anger,-0.5056,0.7868,1.0
wYofc4fyCKCsM,happy,happy,0.0345,0.6581,0.9992
Z9zpSoZpmSmPLYOu7Z,anger,anger,-0.4072,0.7262,1.0
ae6m4ljnl69urJ539F,happy,happy,0.396,0.6152,0.9999
l0IxYWDltdHEqujnO,anger,anger,-0.4292,0.6999,1.0
mFSbZpaNaLqqCiowAf,fear,fear,-0.36,0.8443,1.0
XGP7mf38Vggik,anger,anger,-0.2362,0.6507,1.0
O5xChSjqUIxsk,anger,anger,-0.4492,0.7213,1.0
VEzspneHDuo4PQzKc3,anger,anger,-0.436,0.7975,1.0
s4kpsTSwoiFCU,anger,anger,-0.4642,0.7842,1.0
YlJiFggD3eF6yRBa5h,neutral,neutral,0.0087,0.494,0.9921
NAnYvSGZMYenS,anger,anger,-0.384,0.7473,1.0
26ueYUlPAmUkTBAM8,sad,sad,-0.6038,0.3908,1.0
XfQDhhaVjL0wOl9Jkr,anger,anger,-0.2484,0.6766,1.0
92S5gReZGnDgY,anger,anger,-0.4423,0.74,1.0
3o7WIPku0tmvhunqwg,anger,anger,-0.4568,0.7329,1.0
1BGBpw9shhfjDCgnaY,anger,anger,-0.2609,0.6487,1.0
7NHM19prcKWic,fear,fear,-0.3688,0.7813,1.0
26tnjjQQRqPbwDxdK,anger,anger,-0.3214,0.7308,1.0
UqUJhrD0om73q,anger,anger,-0.1551,0.7728,1.0
13iiF5KX8sG4fu,anger,anger,-0.4493,0.7838,1.0
qiiimDJtLj4XK,anger,anger,-0.4177,0.7895,1.0
sK7GsXcQhIAjC,anger,anger,-0.2244,0.6493,1.0
cm5lcHtT4QW8XCL42S,neutral,neutral,-0.1143,0.5009,1.0
adikIKGu30u6A,anger,anger,-0.414,0.7355,1.0
xUA7b1NUvM5HhjU6GI,anger,anger,-0.4236,0.7419,1.0
JtLrtaN4VPoKXJRKGB,anger,anger,-0.4528,0.7331,1.0
8BMaLLBlUdNx6,anger,anger,-0.3627,0.7001,1.0
K5GBJMiko9RJe,anger,anger,-0.4507,0.7221,1.0
3o7abIileRivlGr8Nq,happy,happy,0.5561,0.7442,0.9999
WNs0uptipSG40,anger,anger,-0.3549,0.7682,0.9999
nzFhajbsYJhDO,anger,anger,-0.3801,0.7425,1.0
nbKKMfmeDknzq,anger,anger,-0.4781,0.7568,1.0
l41YblS924efkwweY,anger,anger,-0.3598,0.6825,1.0
FvwrVGfHj0P2E,happy,happy,0.4437,0.7051,1.0
CkYl1qlzkxPRbklfXx,anger,anger,-0.4352,0.7785,1.0
3og0IDK0Ma3Ip051UQ,anger,anger,-0.4358,0.7363,1.0
3CaXVSTqmtCLe,anger,anger,-0.4738,0.7858,1.0
GB7AfEnRyAPcI,anger,anger,-0.3593,0.7009,1.0
JRhS6WoswF8FxE0g2R,anger,anger,-0.4261,0.7047,1.0
HsGvB8tdhVVC0,neutral,neutral,-0.0528,0.5051,1.0
l3q2PZSVUUEsajBIY,happy,happy,0.1429,0.6022,0.9956
n7TyooZtZn3Ko,anger,anger,-0.4943,0.7881,1.0
yrJ55WhtAoXVC,anger,anger,-0.4921,0.784,1.0
l0ErWnkLjegNB5LlC,anger,anger,-0.3484,0.7747,1.0
5FKNjm8Ru327u,happy,happy,0.2664,0.7081,0.9992
11ahZZugJHrdLO,anger,anger,-0.4256,0.7878,1.0
7wVFzrFY35eNd6wAPu,fear,fear,-0.4256,0.8532,1.0
CFt9n1NuLruzxmGA1T,anger,anger,-0.4298,0.7564,1.0
R4WLhTWmeVz2njVBE8,anger,anger,-0.345,0.7116,1.0
I3EsiEPZWgpqg,anger,anger,-0.064,0.6941,1.0
3o7aDgXW5RqEDH7Bo4,happy,happy,0.5314,0.7477,0.9997
RX7N03MEUafW8,happy,happy,0.4742,0.7227,0.9999
pPzjpxJXa0pna,happy,happy,0.1742,0.7086,0.9999
dIBzteMy7M5H6iy7CX,anger,anger,-0.326,0.6585,1.0
dYZuqJLDVsWMLWyIxJ,anger,anger,-0.3301,0.7709,1.0
eGxkm7b2hzDfkNvjo7,neutral,neutral,-0.2205,0.4952,0.9991
l41YAbDsTJXKANjmE,anger,anger,-0.348,0.7254,1.0
xT9IguC6bxYHsGIRb2,anger,anger,-0.3646,0.7042,1.0
vRMeuEqeGPAir22qdI,happy,happy,0.3326,0.6402,0.9994
etAzhFDYk0RmnuyfOP,anger,anger,-0.3905,0.7228,1.0
3ov9jWu7BuHufyLs7m,happy,happy,0.6048,0.7203,1.0
8cj4IlAF1lFj1PGJ9L,neutral,neutral,0.0024,0.4609,1.0
3o6vY59s91hWsxASYM,happy,happy,0.355,0.6184,0.9998
EMHTwKXYU3myAyNCsE,anger,anger,-0.3036,0.6473,1.0
GWD5nSpiHxs3K,anger,anger,-0.5045,0.7712,1.0
3oFzmpTTfofGroPw40,anger,anger,-0.4563,0.7701,1.0
GgrMkQeKaZkUbZFkSC,happy,happy,0.375,0.7239,0.9998
EiZQwKjFPDrYFnzrhA,happy,happy,0.5594,0.717,1.0
T9fHnACJJq8Ba,anger,anger,-0.5019,0.7901,1.0
8Zhxy5fEvQoIa8uTTl,anger,anger,-0.3914,0.7044,1.0
xo6QL3gjGMimA,anger,anger,-0.0801,0.764,1.0
l2SpRNbTawgpLXxmM,surprise,surprise,-0.0161,0.7916,1.0
ule4vhcY1xEKQ,anger,anger,-0.3996,0.7386,0.9962
yiXUxfMnJgdfW,anger,anger,-0.4442,0.7415,1.0
fiyQQLci4d1w6Njojo,anger,anger,-0.4341,0.8012,1.0
iutnlV1Jd7rm4NQkp5,neutral,neutral,0.0813,0.4988,0.9995
l4JyKze7cI3BnusAU,anger,anger,-0.5085,0.7575,1.0
CgueQ55XydeE0,fear,fear,-0.3726,0.7572,1.0
NktFjqntkZQbe,fear,fear,-0.2162,0.792,1.0
MdqE46HziuFJTlIwjw,anger,anger,0.0117,0.7042,0.9999
BYG86QlGgaHvy,anger,anger,-0.3773,0.7654,1.0
3o6Zt7rKEAMus2HaFy,anger,anger,-0.5104,0.7544,1.0
6wgSY1hbP38mk,happy,happy,0.4462,0.6646,1.0
FWtVYDHIxgGgE,sad,sad,-0.5419,0.4423,1.0
3o7TKrEzvLbsVAud8I,anger,anger,-0.4569,0.8063,1.0
3o752gZdDHjObx309W,anger,anger,-0.2018,0.6378,1.0
nnFwGHgE4Mk5W,happy,happy,0.2581,0.6413,0.9997
y2i2oqWgzh5ioRp4Qa,anger,anger,-0.4361,0.7313,0.9999
6xE1FNcorRInS,anger,anger,-0.3306,0.6763,1.0
TL2Yr3ioe78tO,anger,anger,-0.5248,0.7228,1.0
VfliUytoL7VDFMgc8J,fear,fear,-0.3015,0.6136,1.0
1RlnA9XAzinKw,sad,sad,-0.3898,0.4542,0.9995
3ohc18sHy1xW3UEHD2,anger,anger,-0.3975,0.7185,1.0
4jOqk3ChYjQSk,anger,anger,-0.5035,0.7927,1.0
qiPJ5kow5KOT6,anger,anger,-0.3812,0.7192,1.0
l2JejWfADXBTyD0Gc,anger,anger,-0.4987,0.8018,1.0
l3mZcxZKIQemTeT9S,anger,anger,-0.2091,0.7251,1.0
hvGKQL8lasDvIlWRBC,fear,fear,-0.4327,0.7972,1.0
fsQbx1hX7hPBBpIM5b,happy,happy,0.4608,0.731,1.0
zFiwp2vCyjLA4,anger,anger,-0.3813,0.7224,1.0
kPAEHt9MwTznulisFO,fear,fear,-0.262,0.7822,1.0
xT4Apvuo4QoOX1gzEk,anger,anger,-0.3172,0.7193,1.0
gFEnJVbIbFOoy6AdEW,fear,fear,-0.3522,0.7955,0.9994
kC9GYuOatgjBK,fear,fear,-0.4691,0.6922,1.0
xHMIDAy1qkzNS,happy,happy,0.5769,0.7198,1.0
aWPGuTlDqq2yc,surprise,surprise,-0.095,0.8223,1.0
BpUyQXwCWbLOw,neutral,neutral,0.0313,0.5581,0.9993
4XSc0NkhKJQhW,happy,happy,0.4108,0.6383,0.9999
EOfarA6ZUqzZu,anger,anger,-0.4537,0.7302,1.0
10khKaHKOP2mZ2,anger,anger,-0.1473,0.711,1.0
4NvjhYmnIto1H2KHdn,neutral,neutral,-0.0574,0.5165,0.9999
URwB72Mddns3JteyAJ,anger,anger,-0.4128,0.7191,1.0
U1aN4HTfJ2SmgB2BBK,anger,anger,-0.5009,0.7704,1.0
136IvPaw6X0Pu0,neutral,neutral,-0.0473,0.4688,1.0
IFgABm1wXPePm,fear,fear,-0.2283,0.781,1.0
1driVoIBx9e9DKStSn,neutral,neutral,-0.0486,0.4916,1.0
3o6wNKjI7XkipBHUjK,happy,happy,0.4056,0.6411,1.0
ZAckOMVbv7Jba,anger,anger,-0.3634,0.7403,1.0
hQKiGV6MG8WmsHg2yx,neutral,neutral,-0.0763,0.6223,0.9947
lReVblhSRtxXtfK81w,neutral,neutral,-0.058,0.5005,1.0
dC9DTdqPmRnlS,anger,anger,-0.1282,0.6888,1.0
l2SpUoAPo0CBOkyxq,anger,anger,-0.4267,0.5883,1.0
fr0a9Np0PlcJTVevU5,anger,anger,-0.3092,0.6146,1.0
jtjE8nlQusHxctfpym,neutral,neutral,-0.0287,0.4736,1.0
3o7TKSlLGOXZGOfmes,anger,anger,-0.4927,0.7939,1.0
X7ZwOPolFvLzgCYqh0,neutral,neutral,0.0101,0.5091,0.9986
Mb982GyECVbJnxdpYx,surprise,surprise,-0.0912,0.7659,1.0
ILV8xetoPJO92,neutral,neutral,-0.2341,0.5325,0.9999
IYZyJmO6YNqaQ,anger,anger,-0.4502,0.7488,1.0
1yjZXySg7tSohpcmUM,anger,anger,-0.255,0.766,0.9999
GW10shdM3oXok,anger,anger,-0.4739,0.7857,1.0
44ei3XfbW7y4U,anger,anger,-0.2142,0.7621,1.0
MPgvQBm1RzuTu,fear,fear,-0.4213,0.8205,1.0
Kwi0Iu9MxxOgg,neutral,neutral,0.0109,0.5732,1.0
bEIQpE3d1sENO,anger,anger,-0.4908,0.7009,1.0
vqKlNf8jpBB7O,anger,anger,-0.4077,0.6276,1.0
iOGROlDst8AKOfs2ix,anger,anger,-0.2742,0.6718,1.0
l2JdWLBjqum1TPWww,anger,anger,-0.2967,0.6475,1.0
eenzqB2MsGKbK,anger,anger,-0.4316,0.749,1.0
cM2CN5U99VVWdDGcSA,anger,anger,-0.2419,0.6749,1.0
bmD6OODe9XEaY,fear,fear,-0.4273,0.6768,1.0
j6ZlX8ghxNFRknObVk,sad,sad,-0.4649,0.4954,1.0
1wpN6QTRgOJf9bAbej,happy,happy,0.4141,0.6997,1.0
VJ5pkHokJgV78qy70E,sad,sad,-0.137,0.5892,0.9999
RlO3bvMJyz3L4vGKsx,surprise,surprise,0.0756,0.7432,1.0
4dL4eV4pNb3MY,anger,anger,-0.3038,0.6848,1.0
FSoLt5lDqHlHq,fear,fear,-0.2843,0.6594,1.0
XbxZ41fWLeRECPsGIJ,happy,happy,0.5752,0.7111,1.0
3o7ZeCi0yTgb9AqXFm,happy,happy,0.4803,0.6794,0.9999
3oKIPa2TdahY8LAAxy,anger,anger,-0.4747,0.7758,1.0
NUtcx8VzmyuCR8Xi1i,anger,anger,-0.389,0.6089,1.0
M4iOAkEAPwAnK,fear,fear,-0.4793,0.7338,1.0
eSQiwbVrb7Nmg,anger,anger,-0.5049,0.7962,1.0
lnOG1o6Cdc3kKjuray,happy,happy,0.502,0.6705,1.0
sNGnnd0ddePJe,happy,happy,0.3893,0.6304,0.9958
acIy5aKe4nryg,anger,anger,-0.3116,0.7264,1.0
MccXoMrOhrpRe,happy,happy,0.4999,0.7191,0.9997
NqTEcXRkkyh5m,neutral,neutral,0.0366,0.5165,1.0
TdfyKrN7HGTIY,happy,happy,0.5745,0.7023,0.9996
Q87XzlKSuHqnT2FEHE,anger,anger,-0.398,0.7132,1.0
EjSdgzfwABHoI,neutral,neutral,-0.1616,0.5611,1.0
j9KYEf8WA1pxC,anger,anger,-0.4949,0.7929,1.0
af34tVk53Li4E,anger,anger,-0.4019,0.7351,1.0
iJc8fraqaofWo,fear,fear,-0.2843,0.7753,1.0
